sheet_name,mut_counts,label_name,measurement,uniprot_id,uniprot_seq
BRCA1_HUMAN_BRCT,single,function_score,Growth,P38398,SVSREKPELTASTERVNKRMSMVVSGLTPEEFMLVYKFARKHHITLTNLITEETTHVVMKTDAEFVCERTLKYFLGIAGGKWVVSYFWVTQSIKERKMLNEHDFEVRGDVVNGRNHQGPKRARESQDRKIFRGLEICCYGPFTNMPTDQLEWMVQLCGASVVKELSSFTLGTGVHPIVVVQPDAWTEDNGFHAIGQMCEAPVVTREWVLDSVALYQCQELDTYLIPQIPHSHY
B3VI55_LIPSTSTABLE,single,SelectionTwo,Growth,B3VI55,MPIATSTGDNVLDFTVLGLNSGTSMDGIDCALCHFYQKTPDAPMEFELLEYGEVPLAQPIKQRVMRMILEDTTSPSELSEVNVILGEHFADAVRQFAAERNVDLSTIDAIASHGQTIWLLSMPEEGQVKSALTMAEGAIIAARTGITSITDFRISDQAAGRQGAPLIAFFDALLLHHPTKLRACQNIGGIANVCFIPPDVDGRRTDEYYDFDTGPGNVFIDAVVRHFTNGEQEYDKDGAMGKRGKVDQELVDDFLKMPYFQLDPPKTTGREVFRDTLAHDLIRRAEAKGLSPDDIVATTTRITAQAIVDHYRRYAPSQEIDEIFMCGGGAYNPNIVEFIQQSYPNTKIMMLDEAGVPAGAKEAITFAWQGMECLVGRSIPVPTRVETRQHYVLGKVSPGLNYRSVMKKGMAFGGDAQQLPWVSEMIVKKKGKVITNNWA
BLAT_ECOLX_Ranganathan2015,single,2500,Growth,P62593,MSIQHFRVALIPFFAAFCLPVFAHPETLVKVKDAEDQLGARVGYIELDLNSGKILESFRPEERFPMMSTFKVLLCGAVLSRVDAGQEQLGRRIHYSQNDLVEYSPVTEKHLTDGMTVRELCSAAITMSDNTAANLLLTTIGGPKELTAFLHNMGDHVTRLDRWEPELNEAIPNDERDTTMPAAMATTLRKLLTGELLTLASRQQLIDWMEADKVAGPLLRSALPAGWFIADKSGAGERGSRGIIAALGPDGKPSRIVVIYTTGSQATMDERNRQIAEIGASLIKHW
RL401_YEAST_Fraser2016,single,DMSO,Growth,P0CH09,MQIFVKTLTGKTITLEVESSDTIDNVKSKIQDKEGIPPDQQRLIFAGKQLEDGRTLSDYNIQKESTLHLVLRLRGGIIEPSLKALASKYNCDKSVCRKCYARLPPRATNCRKRKCGHTNQLRPKKKLK
CALM1_HUMAN_Roth2017,single,screenscore,Yeast growth,P0DP23,MADQLTEEQIAEFKEAFSLFDKDGDGTITTKELGTVMRSLGQNPTEAELQDMINEVDADGNGTIDFPEFLTMMARKMKDTDSEEEIREAFRVFDKDGNGYISAAELRHVMTNLGEKLTDEEVDEMIREADIDGDGQVNYEEFVQMMTAK
UBC9_HUMAN_Roth2017,single,screenscore,Yeast growth,P63279,MSGIALSRLAQERKAWRKDHPFGFVAVPTKNPDGTMNLMNWECAIPGKKGTPWEGGLFKLRMLFKDDYPSSPPKCKFEPPLFHPNVYPSGTVCLSILEEDKDWRPAITIKQILLGIQELLNEPNIQDPAQAEAYTIYCQNRVEYEKRVRAQAKKFAPSY
PABP_YEAST_Fields2013-doubles,double,XY_Enrichment_score,Growth,P04147,ASLYVGDLEPSVSEAHLYDIFSPIGSVSSIRVCRDAITKTSLGYAYVNFNDHEAGRKAIEQLNYTPIKGRLCRIMWSQRDPSLRKKGSGNIFIKNLHPDIDNKALYDTFSVFGDILSSKIATDENGKSKGFGFVHFEEEGAAKEAIDALNGMLLNGQEIYVAPHLSRKERDSQLEETKAHYTNLYVKNINSETTDEQFQELFAKFGPIVSASLEKDADGKLKGFGFVNYEKHEDAVKAVEALNDSELNGEKLYVGRAQKKNERMHVLKKQYEAYRLEKMAKYQGVNLFVKNLDDSVDDEKLEEEFAPYGTITSAKVMRTENGKSKGFGFVCFSTPEEATKAITEKNQQIVAGKPLYVAIAQRK
SUMO1_HUMAN_Roth2017,single,screenscore,Yeast growth,P63165,MSDQEAKPSTEDLGDKKEGEYIKLKVIGQDSSEIHFKVKMTTHLKKLKESYCQRQGVPMNSLRFLFEGQRIADNHTPKELGMEEEDVIEVYQEQTGGHSTV
RASH_HUMAN_Kuriyan,single,unregulated,Enzyme function,P01112,MTEYKLVVVGAGGVGKSALTIQLIQNHFVDEYDPTIEDSYRKQVVIDGETCLLDILDTAGQEEYSAMRDQYMRTGEGFLCVFAINNTKSFEDIHQYREQIKRVKDSDDVPMVLVGNKCDLAARTVESRQAQDLARSYGIPYIETSAKTRQGVEDAFYTLVREIRQHKLRKLNPPDESGPGCMSCKCVLS
BG_STRSQ_hmmerbit,single,enrichment,Enzyme function,A0A386TMK6,MVPAAQQTAMAPDAALTFPEGFLWGSATASYQIEGAAAEDGRTPSIWDTYARTPGRVRNGDTGDVATDHYHRWREDVALMAELGLGAYRFSLAWPRIQPTGRGPALQKGLDFYRRLADELLAKGIQPVATLYHWDLPQELENAGGWPERATAERFAEYAAIAADALGDRVKTWTTLNEPWCSAFLGYGSGVHAPGRTDPVAALRAAHHLNLGHGLAVQALRDRLPADAQCSVTLNIHHVRPLTDSDADADAVRRIDALANRVFTGPMLQGAYPEDLVKDTAGLTDWSFVRDGDLRLAHQKLDFLGVNYYSPTLVSEADGSGTHNSDGHGRSAHSPWPGADRVAFHQPPGETTAMGWAVDPSGLYELLRRLSSDFPALPLVITENGAAFHDYADPEGNVNDPERIAYVRDHLAAVHRAIKDGSDVRGYFLWSLLDNFEWAHGYSKRFGAVYVDYPTGTRIPKASARWYAEVARTGVLPTAGDPNSSSVDKLAAALEHHHHHH
RL401_YEAST_Bolon2014,single,react_rel,E1 reactivity,P0CH09,MQIFVKTLTGKTITLEVESSDTIDNVKSKIQDKEGIPPDQQRLIFAGKQLEDGRTLSDYNIQKESTLHLVLRLRGGIIEPSLKALASKYNCDKSVCRKCYARLPPRATNCRKRKCGHTNQLRPKKKLK
MK01_HUMAN_Johannessen,single,DOX_Average,Growth,P28482,MAAAAAAGAGPEMVRGQVFDVGPRYTNLSYIGEGAYGMVCSAYDNVNKVRVAIKKISPFEHQTYCQRTLREIKILLRFRHENIIGINDIIRAPTIEQMKDVYIVQDLMETDLYKLLKTQHLSNDHICYFLYQILRGLKYIHSANVLHRDLKPSNLLLNTTCDLKICDFGLARVADPDHDHTGFLTEYVATRWYRAPEIMLNSKGYTKSIDIWSVGCILAEMLSNRPIFPGKHYLDQLNHILGILGSPSQEDLNCIINLKARNYLLSLPHKNKVPWNRLFPNADSKALDLLDKMLTFNPHKRIEVEQALAHPYLEQYYDPSDEPIAEAPFKFDMELDDLPKEKLKELIFEETARFQPGYRS
HSP82_YEAST_Bolon2016,single,selection_coefficient,Growth,P02829,MASETFEFQAEITQLMSLIINTVYSNKEIFLRELISNASDALDKIRYKSLSDPKQLETEPDLFIRITPKPEQKVLEIRDSGIGMTKAELINNLGTIAKSGTKAFMEALSAGADVSMIGQFGVGFYSLFLVADRVQVISKSNDDEQYIWESNAGGSFTVTLDEVNERIGRGTILRLFLKDDQLEYLEEKRIKEVIKRHSEFVAYPIQLVVTKEVEKEVPIPEEEKKDEEKKDE
YAP1_HUMAN_Fields2012-singles,single,linear,Peptide binding,P46937,FEIPDDVPLPAGWEMAKTSSGQRYFLNHIDQTTTWQDPRKAMLSQMNVTAPTSPPVQQNMMNSASGPLPDGWEQAMTQDGEIYYINHKNKTTSWLDPRLD
BF520_env_Bloom2018,single,fitness,Viral replication,no,AGNLWVTVYYGVPVWKDAETTLFCASDAKAYDAEVHNIWATHACVPTDPNPQEINLENVTEEFNMWKNNMVEQMHTDIISLWDQGLKPCVKLTPLCVTLDCHNVTYNITSDMKEEITNCSYNVTTVIRDKKQKVSSLFYKLDVVQIGGNNRTNSQYRLINCNTSAITQACPKVTFEPIPIHYCAPAGFAILKCKDEKFNGTGLCKNVSTVQCTHGIKPVVSTQLLLNGSLAEGEVRIRSENITNNAKNIIVQLASPVTINCIRPNNNTRKSVHLGPGQAFYATDGIIGEIRQAHCNVSKKEWNSTLQKVANQLRPYFKNNTIIKFANSSGGDLEITTHSFNCGGEFFYCNTSGLFNSTWEFNSTWNNSNSTENITLQCRIKQIINMWQRAGQAIYAPPIPGVIRCKSNITGLILTRDGGSNKNTSETFRPGGGDMRDNWRSELYKYKVVKIEPIGVAPTRAKRRVVEREKRAVGIGAVFIGFLGAAGSTMGAASVTLTVQARQLLSGIVQQQSNLLRAIEAQQHLLKLTVWGIKQLQARVLAVERYLKDQQLLGIWGCSGKLICTTNVPWNSSWSNKSQDEIWGNMTWLQWDKEVSNYTQIIYTLIEESQNQQEKNEQDLLALDKWASLWNWFNISQWLWYIKIFIIIVGGLIGLRIVFAVL
UBE4B_MOUSE_Klevit2013-singles,single,log2_ratio,Ligase activity,Q9ES00,IEKFKLLAEKVEEIVAKNARAEIDYSDAPDEFRDPLMDTLMTDPVRLPSGTVMDRSIILRHLLNSPTDPFNRQMLTESMLEPVPELKEQIQAWMREKQSSDH
HG_FLU_Bloom2016,single,transformed_pref,Viral replication,no,KAKLLVLLYAFVATDADTICIGYHANNSTDTVDTILEKNVAVTHSVNLLEDSHNGKLCKLKGIAPLQLGKCNITGWLLGNPECDSLLPARSWSYIVETPNSENGACYPGDLIDYEELREQLSSVSSLERFEIFPKESSWPNHTFNGVTVSCSHRGKSSFYRNLLWLTKKGDSYPKLTNSYVNNKGKEVLVLWGVHHPSSSDEQQSLYSNGNAYVSVASSNYNRRFTPEIAARPKVRDQHGRMNYYWTLLEPGDTIIFEATGNLIAPWYAFALSRGFESGIITSNASMHECNTKCQTPQGAINSNLPFQNIHPVTIGECPKYVRSTKLRMVTGLRNIPSIQYRGLFGAIAGFIEGGWTGMIDGWYGYHHQNEQGSGYAADQKSTQNAINGITNKVNSVIEKMNTQFTAVGKEFNNLEKRMENLNKKVDDGFLDIWTYNAELLVLLENERTLDFHDLNVKNLYEKVKSQLKNNAKEIGNGCFEFYHKCDNECMESVRNGTYDYPKYSEESKLNREKIDGVKLESMGVYQILAIYSTVASSLVLLVSLGAISFWMCSNGSLQCRICI
B3VI55_LIPST_Whitehead2015,single,SelectionOne,Growth,B3VI55,MPIATSTGDNVLDFTVLGLNSGTSMDGIDCALCHFYQKTPDAPMEFELLEYGEVPLAQPIKQRVMRMILEDTTSPSELSEVNVILGEHFADAVRQFAAERNVDLSTIDAIASHGQTIWLLSMPEEGQVKSALTMAEGAILASRTGITSITDFRISDQAAGRQGAPLIAFFDALLLHHPTKLRACQNIGGIANVCFIPPDVDGRRTDEYYDFDTGPGNVFIDAVVRHFTNGEQEYDKDGAMGKRGKVDQELVDDFLKMPYFQLDPPKTTGREVFRDTLAHDLIRRAEAKGLSPDDIVATTTRITAQAIVDHYRRYAPSQEIDEIFMCGGGAYNPNIVEFIQQSYPNTKIMMLDEAGVPAGAKEAITFAWQGMEALVGRSIPVPTRVETRQHYVLGKVSPGLNYRSVMKKGMAFGGDAQQLPWVSEMIVKKKGKVITNNWA
TPK1_HUMAN_Roth2017,single,screenscore,Yeast growth,Q9H3S4,MEHAFTPLEPLLSTGNLKYCLVILNQPLDNYFRHLWNKALLRACADGGANRLYDITEGERESFLPEFINGDFDSIRPEVREYYATKGCELISTPDQDHTDFTKCLKMLQKKIEEKDLKVDVIVTLGGLAGRFDQIMASVNTLFQATHITPFPIIIIQEESLIYLLQPGKHRLHVDTGMEGDWCGLIPVGQPCMQVTTTGLKWNLTNDVLAFGTLVSTSNTYDGSGVVTVETDHPLLWTMAIKS
BLAT_ECOLX_Palzkill2012,single,ddG_stat,Growth,P62593,MSIQHFRVALIPFFAAFCLPVFAHPETLVKVKDAEDQLGARVGYIELDLNSGKILESFRPEERFPMMSTFKVLLCGAVLSRVDAGQEQLGRRIHYSQNDLVEYSPVTEKHLTDGMTVRELCSAAITMSDNTAANLLLTTIGGPKELTAFLHNMGDHVTRLDRWEPELNEAIPNDERDTTMPAAMATTLRKLLTGELLTLASRQQLIDWMEADKVAGPLLRSALPAGWFIADKSGAGERGSRGIIAALGPDGKPSRIVVIYTTGSQATMDERNRQIAEIGASLIKHW
GAL4_YEAST_Shendure2015,single,SEL_C_64h,Growth,P04386,MKLLSSIEQACDICRLKKLKCSKEKPKCAKCLKNNWECRYSPKTKRSPLTRAHLTEVESRLERLEQL
TIM_SULSO_b0,single,fitness,Growth,Q06121,QRPIISLNERILEFNKSNITAIIAEYKRKSPSGLDVERDPIEYSKFMERYAVGLSILTEEKYFNGSYETLRKIASSVSIPILMKDFIVKESQIDDAYNLGADTVLLIVKILTERELESLLEYARSYGMEPLIEINDENDLDIALRIGARFIGINSRDLETLEINKENQRKLISMIPSNVVKVAESGISERNEIEELRKLGVNAFLIGSSLMRNPEKIKEFIL
POLG_HCVJF_Sun2014,single,fitness,Viral replication,Q99IB8,SGSWLRDVWDWVCTILTDFKNWLTSKLFPKLPGLPFISCQKGYKGVWAGTGIMTTRCPCGANISGNVRLGSMRITGPKTCMNTWQGTFPINCYTEGQCAPKPPTNYKTAIWRVAASEYAEVTQHGSYSYVTGLTTDNLKIPCQLPSPEFFSWVDGVQIHRFAPTPKPFFRDEVSFCVGLNSYAVGSQLPCEPEPDADVLRSMLTDPPHITAETAARRLARGSPPSEASSSVSQLSAPSLRATCTTHSNTYDVDMVDANLLMEGGVAQTEPESRVPVLDFLEPMAEEESDLEPSIPSECMLPRSGFPRALPAWARPDYNPPLVESWRRPDYQPPTVAGCALPPPKKAPTPPPRRRRTVGLSESTISEALQQLAIKTFGQPPSSGDAGSSTGAGAAESGGPTSPGEPAPSETGSASSMPPLEGEPGDPDLESDQVELQPPPQGGGVAPGSGSGSWSTCSEEDDTTVCC
HIS7_YEAST_Kondrashov2017,single_double_more,selection,Growth,P06633,MTEQKALVKRITNETKIQIAISLKGGPLAIEHSIFPEKEAEAVAEQATQSQVINVHTGIGFLDHMIHALAKHSGWSLIVECIGDLHIDDHHTTEDCGIALGQAFKEALGAVRGVKRFGSGFAPLDEALSRAVVDLSNRPYAVVELGLQREKVGDLSCEMIPHFLESFAEASRITLHVDCLRGKNDHHRSESAFKALAVAIREATSPNGTNDVPSTKGVLM
TPMT_HUMAN_Fowler2018,single,score,Protein stability,P51580,MDGTRTSLDIEEYSDTEVQKNQVLTLEEWQDKWVNGKTAFHQEQGHQLLKKHLDTFLKGKSGLRVFFPLCGKAVEMKWFADRGHSVVGVEISELGIQEFFTEQNLSYSEEPITEIPGTKVFKSSSGNISLYCCSIFDLPRTNIGKFDMIWDRGALVAINPGDRKCYADTMFSLLGKKFQYLLCVLSYDPTKHPGPPFYVPHAEIERLFGKICNIRCLEKVDAFEERHKSWGIDCLFEKLYLLTEK
DLG4_RAT_Ranganathan2012,single,CRIPT,Peptide binding,P31016,LGEEDIPREPRRIVIHRGSTGLGFNIVGGEDGEGIFISFILAGGPADLSGELRKGDQILSVNGVDLRNASHEQAAIALKNAGQTVTIIAQYKPEEYSRFEAK
MTH3_HAEAESTABILIZED_Tawfik2015,single,Wrel_G17_filtered,Growth,P20589,MNLISLFSGAGGLDLGFQKAGFRIIAANEYDKSIWKTYESNHSAKLIKGDISKISSDEFPKCDGIIGGPPCQSWSEGGSLRGIDDPRGKLFYEYIRILKQKKPKFFLAENVKGMLAQRHNKAVQEFIQEFDNAGYDVHIILLNANDYGVAQDRKRVFYIGFRKELNINYLPPIPHLIKPTLKDVIWDLKDNPIPALDKNKTNGNKCIYPNHEYFIGSYSTIFMSRNRVRQWNEPAFTVQASGRQCQLHPQAPVMLKVSKNLNKFVEGKEHLYRRLTVRECARVQGFPDDFIFHYESLNDGYKMIGNAVPVNLAYEIAKTIKSALEIRKGN
AMIE_PSEAE_Whitehead,single,isobutyramide_normalized_fitness,Enzyme function,P11436,MRHGDISSSNDTVGVAVVNYKMPRLHTAAEVLDNARKIAEMIVGMKQGLPGMDLVVFPEYSLQGIMYDPAEMMETAVAIPGEETEIFSRACRKANVWGVFSLTGERHEEHPRKAPYNTLVLIDNNGEIVQKYRKIIPWCPIEGWYPGGQTYVSEGPKGMKISLIICDDGNYPEIWRDCAMKGAELIVRCQGYMYPAKDQQVMMAKAMAWANNCYVAVANAAGFDGVYSYFGHSAIIGFDGRTLGECGEEEMGIQYAQLSLSQIRDARANDQSQNHLFKILHRGYSGLQASGDGDRGLAECPFEFYRTWVTDAEKARENVERLTRSTTGVAQCPVGRLPYEGLEKEA
BLAT_ECOLX_Tenaillon2013,single,MIC_score,MIC,P62593,MSIQHFRVALIPFFAAFCLPVFAHPETLVKVKDAEDQLGARVGYIELDLNSGKILESFRPEERFPMMSTFKVLLCGAVLSRVDAGQEQLGRRIHYSQNDLVEYSPVTEKHLTDGMTVRELCSAAITMSDNTAANLLLTTIGGPKELTAFLHNMGDHVTRLDRWEPELNEAIPNDERDTTMPAAMATTLRKLLTGELLTLASRQQLIDWMEADKVAGPLLRSALPAGWFIADKSGAGERGSRGIIAALGPDGKPSRIVVIYTTGSQATMDERNRQIAEIGASLIKHW
BLAT_ECOLX_Ostermeier2014,single,linear,Growth,P62593,MSIQHFRVALIPFFAAFCLPVFAHPETLVKVKDAEDQLGARVGYIELDLNSGKILESFRPEERFPMMSTFKVLLCGAVLSRVDAGQEQLGRRIHYSQNDLVEYSPVTEKHLTDGMTVRELCSAAITMSDNTAANLLLTTIGGPKELTAFLHNMGDHVTRLDRWEPELNEAIPNDERDTTMPAAMATTLRKLLTGELLTLASRQQLIDWMEADKVAGPLLRSALPAGWFIADKSGAGERGSRGIIAALGPDGKPSRIVVIYTTGSQATMDERNRQIAEIGASLIKHW
BRCA1_HUMAN_RING,single,function_score,Growth,P38398,MDLSALRVEEVQNVINAMQKILECPICLELIKEPVSTKCDHIFCKFCMLKLLNQKKGPSQCPLCKNDITKRSLQESTRFSQLVEELLKIICAFQLDTGLEY
P84126_THETH_b0,single,fitness,Growth,P84126,PSFKEALLRPGLSVIAEVKRQSPSEGLIREVDPVEAALAYARGGARAVSVLTEPHRFGGSLLDLKRVREAVDLPLLRKDFVVDPFMLEEARAFGASAALLIVALLGELTGAYLEEARRLGLEALVEVHTERELEIALEAGAEVLGINNRDLATLHINLETAPRLGRLARKRGFGGVLVAESGYSRKEELKALEGLFDAVLIGTSLMRAPDLEAALRELVG
PTEN_HUMAN_Fowler2018,single,score,Protein stability,P60484,MTAIIKEIVSRNKRRYQEDGFDLDLTYIYPNIIAMGFPAERLEGVYRNNIDDVVRFLDSKHKNHYKIYNLCAERHYDTAKFNCRVAQYPFEDHNPPQLELIKPFCEDLDQWLSEDDNHVAAIHCKAGKGRTGVMICAYLLHRGKFLKAQEALDFYGEVRTRDKKGVTIPSQRRYVYYYSYLLKNHLDYRPVALLFHKMMFETIPMFSGGTCNPQFVVCQLKVKIYSSNSGPTRREDKFMYFEFPQPLPVCGDIKVEFFHKQNKMLKKDKMFHFWVNTFFIPGPEETSEKVENGSLCDQEIDSICSIERADNDKEYLVLTLTKNDLDKANKDKANRYFSPNFKVKLYFTKTVEEPSNPEASSSTSVTPDVSDNEPDHYRYSDTTDSDPENEPFDEDQHTQITKV
PABP_YEAST_Fields2013-singles,single,linear,Growth,P04147,ASLYVGDLEPSVSEAHLYDIFSPIGSVSSIRVCRDAITKTSLGYAYVNFNDHEAGRKAIEQLNYTPIKGRLCRIMWSQRDPSLRKKGSGNIFIKNLHPDIDNKALYDTFSVFGDILSSKIATDENGKSKGFGFVHFEEEGAAKEAIDALNGMLLNGQEIYVAPHLSRKERDSQLEETKAHYTNLYVKNINSETTDEQFQELFAKFGPIVSASLEKDADGKLKGFGFVNYEKHEDAVKAVEALNDSELNGEKLYVGRAQKKNERMHVLKKQYEAYRLEKMAKYQGVNLFVKNLDDSVDDEKLEEEFAPYGTITSAKVMRTENGKSKGFGFVCFSTPEEATKAITEKNQQIVAGKPLYVAIAQRK
IF1_ECOLI_Kishony,single,fitness_rich,Growth,P69222,MAKEDNIEMQGTVLETLPNTMFRVELENGHVVTAHISGKMRKNYIRILTGDKVTVELTPYDLSKGRIVFRSR
PA_FLU_Sun2015,single,RF_index,Viral replication,no,CFNPMIVELAEKAMKEYGEDLKIETNKFAAICTHLEVCFMYSDFHFIDEQGESIVVELGDPNALLKHRFEIIEGRDRTIAWTVINSICNTTGAEKPKFLPDLYDYKKNRFIEIGVTRREVHIYYLEKANKIKSEKTHIHIFSFTGEEMATKADYTLDEESRARIKTRLFTIRQEMASRGLWDSFRQSERGEETIEERFEITGTMRKLADQSLPPNFSSLEKFRAYVDGFEPNGYIEGKLSQMSKEVNARIEPFLKSTPRPLRLPDGPPCSQRSKFLLMDALKLSIEDPSHEGEGIPLYDAIKCMRTFFGWKEPNVVKPHEKGINPNYLLSWKQVLAELQDIENEEKIPRTKNMKKTSQLKWALGENMAPEKVDFDDCKDVGDLKQYDSDEPELRSLASWIQNEFNKACELTDSSWIELDEIGEDAAPIEHIASMRRNYFTAEVSHCRATEYIMKGVYINTALLNASCAAMDDFQLIPMISKCRTKEGRRKTNLYGFIIKGRSHLRNDTDVVNFVSMEFSLTDPRLEPHKWEKYCVLEVGDMLLRSAIGHVSRPMFLYVRTNGTSKIKMKWGMEMRRCLLQSLQQIESMIEAESSVKEKDMTKEFFENKSETWPVGESPKGVEEGSIGKVCRTLLAKSVFNSLYASPQLEGFSAESRKLLLIVQALRDNLEPGTFDLGGLYEAIEECLINDPWVLLNASWFNSFLTHALR
RL401_YEAST_Bolon2013,single,selection_coefficient,Growth,P0CH09,MQIFVKTLTGKTITLEVESSDTIDNVKSKIQDKEGIPPDQQRLIFAGKQLEDGRTLSDYNIQKESTLHLVLRLRGGIIEPSLKALASKYNCDKSVCRKCYARLPPRATNCRKRKCGHTNQLRPKKKLK
KKA2_KLEPN_Mikkelsen2014,single,Kan18_avg,Growth,P00552,MIEQDGLHAGSPAAWVERLFGYDWAQQTIGCSDAAVFRLSAQGRPVLFVKTDLSGALNELQDEAARLSWLATTGVPCAAVLDVVTEAGRDWLLLGEVPGQDLLSSHLAPAEKVSIMADAMRRLHTLDPATCPFDHQAKHRIERARTRMEAGLVDQDDLDEEHQGLAPAELFARLKARMPDGEDLVVTHGDACLPNIMVENGRFSGFIDCGRLGVADRYQDIALATRDIAEELGGEWADRFLVLYGIAAPDSQRIAFYRLLDEFF
TIM_THEMA_b0,single,fitness,Growth,Q56319,FLEVLSGKERVKIIAEFKKASPSAGDINADASLEDFIRMYDELADAISILTEKHYFKGDPAFVRAARNLTSRPILAKDFYIDTVQVKLASSVGADAILIIARILTAEQIKEIYEAAEELGMDSLVEVHSREDLEKVFSVIRPKIIGINTRDLDTFEIKKNVLWELLPLVPDDTVVVAESGIKDPRELKDLRGKVNAVLVGTSIMKAENPRRFLEEMRAWSE
BG505_env_Bloom2018,single,fitness,Viral replication,no,AENLWVTVYYGVPVWKDAETTLFCASDAKAYETEKHNVWATHACVPTDPNPQEIHLENVTEEFNMWKNNMVEQMHTDIISLWDQSLKPCVKLTPLCVTLQCTNVTNNITDDMRGELKNCSFNMTTELRDKKQKVYSLFYRLDVVQINENQGNRSNNSNKEYRLINCNTSAITQACPKVSFEPIPIHYCAPAGFAILKCKDKKFNGTGPCPSVSTVQCTHGIKPVVSTQLLLNGSLAEEEVMIRSENITNNAKNILVQFNTPVQINCTRPNNNTRKSIRIGPGQAFYATGDIIGDIRQAHCNVSKATWNETLGKVVKQLRKHFGNNTIIRFANSSGGDLEVTTHSFNCGGEFFYCNTSGLFNSTWISNTSVQGSNSTGSNDSITLPCRIKQIINMWQRIGQAMYAPPIQGVIRCVSNITGLILTRDGGSTNSTTETFRPGGGDMRDNWRSELYKYKVVKIEPLGVAPTRAKRRVVGREKRAVGIGAVFLGFLGAAGSTMGAASMTLTVQARNLLSGIVQQQSNLLRAIEAQQHLLKLTVWGIKQLQARVLAVERYLRDQQLLGIWGCSGKLICTTNVPWNSSWSNRNLSEIWDNMTWLQWDKEISNYTQIIYGLLEESQNQQEKNEQDLLALDKWASLWNWFDISNWLWYIKIFIMIVGGLIGLRIVFAVL
